{
    "source": "mockoon:1.14.1",
    "data": [
        {
            "type": "environment",
            "item": {
                "uuid": "",
                "lastMigration": 15,
                "name": "Demo API",
                "endpointPrefix": "",
                "latency": 0,
                "port": 3000,
                "routes": [
                    {
                        "uuid": "",
                        "documentation": "Generate random body (JSON, text, CSV, etc) with templating",
                        "method": "get",
                        "endpoint": "users",
                        "responses": [
                            {
                                "uuid": "",
                                "body": "{\n  \"Templating example\": \"For more information about templating, click the blue 'i' above this editor\",\n  \"users\": [\n    {{# repeat (queryParam 'total' '10') }}\n      {\n        \"userId\": \"{{ faker 'random.number' min=10000 max=100000 }}\",\n        \"firstname\": \"{{ faker 'name.firstName' }}\",\n        \"lastname\": \"{{ faker 'name.lastName' }}\",\n        \"friends\": [\n          {{# repeat (faker 'random.number' 5) }}\n            {\n              \"id\": \"{{ faker 'random.uuid' }}\"\n            }\n          {{/ repeat }}\n        ]\n      },\n    {{/ repeat }}\n  ],\n  \"total\": \"{{queryParam 'total' '10'}}\"\n}",
                                "latency": 0,
                                "statusCode": 200,
                                "label": "Creates 10 random users, or the amount specified in the 'total' query param",
                                "headers": [],
                                "filePath": "",
                                "sendFileAsBody": false,
                                "rules": [],
                                "rulesOperator": "OR",
                                "disableTemplating": false
                            }
                        ],
                        "enabled": true,
                        "randomResponse": false,
                        "sequentialResponse": false
                    },
                    {
                        "uuid": "",
                        "documentation": "Use multiple responses with rules",
                        "method": "post",
                        "endpoint": "content/:param1",
                        "responses": [
                            {
                                "uuid": "",
                                "body": "{\n  \"Rules example\": \"Default response. Served if route param 'param1' is not present.\"\n}",
                                "latency": 0,
                                "statusCode": 200,
                                "label": "Default response",
                                "headers": [],
                                "filePath": "",
                                "sendFileAsBody": false,
                                "rules": [],
                                "rulesOperator": "OR",
                                "disableTemplating": false
                            },
                            {
                                "uuid": "",
                                "body": "{\n  \"Rules example\": \"Content XYZ. Served if route param 'param1' equals 'xyz'. (See in 'Rules' tab)\"\n}",
                                "latency": 0,
                                "statusCode": 200,
                                "label": "Content XYZ",
                                "headers": [],
                                "filePath": "",
                                "sendFileAsBody": false,
                                "rules": [
                                    {
                                        "target": "params",
                                        "modifier": "param1",
                                        "value": "xyz",
                                        "isRegex": false
                                    }
                                ],
                                "rulesOperator": "OR",
                                "disableTemplating": false
                            },
                            {
                                "uuid": "",
                                "body": "{\n  \"Rules example\": \"Content not found. Served if route param 'param1' is not equal to 'xyz'. (See in 'Rules' tab)\"\n}\n",
                                "latency": 0,
                                "statusCode": 404,
                                "label": "Content not found",
                                "headers": [],
                                "filePath": "",
                                "sendFileAsBody": false,
                                "rules": [
                                    {
                                        "target": "params",
                                        "modifier": "param1",
                                        "value": "^(?!.*xyz).*$",
                                        "isRegex": true
                                    }
                                ],
                                "rulesOperator": "OR",
                                "disableTemplating": false
                            }
                        ],
                        "enabled": true,
                        "randomResponse": false,
                        "sequentialResponse": false
                    },
                    {
                        "uuid": "",
                        "documentation": "Serve a file dynamically depending on the path param 'pageName'.",
                        "method": "get",
                        "endpoint": "file/:pageName",
                        "responses": [
                            {
                                "uuid": "",
                                "body": "",
                                "latency": 0,
                                "statusCode": 200,
                                "label": "Templating is also supported in file path",
                                "headers": [
                                    {
                                        "key": "Content-Type",
                                        "value": "text/html"
                                    }
                                ],
                                "filePath": "./page{{urlParam 'pageName'}}.html",
                                "sendFileAsBody": false,
                                "rules": [],
                                "rulesOperator": "OR",
                                "disableTemplating": false
                            }
                        ],
                        "enabled": true,
                        "randomResponse": false,
                        "sequentialResponse": false
                    },
                    {
                        "uuid": "",
                        "documentation": "Path supports various patterns",
                        "method": "put",
                        "endpoint": "path/with/pattern(s)?/*",
                        "responses": [
                            {
                                "uuid": "",
                                "body": "The current path will match the following routes: \nhttp://localhost:3000/path/with/pattern/\nhttp://localhost:3000/path/with/patterns/\nhttp://localhost:3000/path/with/patterns/anything-else\n\nLearn more about Mockoon's routing: https://mockoon.com/docs/latest/routing",
                                "latency": 0,
                                "statusCode": 200,
                                "label": "",
                                "headers": [
                                    {
                                        "key": "Content-Type",
                                        "value": "text/plain"
                                    }
                                ],
                                "filePath": "",
                                "sendFileAsBody": false,
                                "rules": [],
                                "rulesOperator": "OR",
                                "disableTemplating": false
                            }
                        ],
                        "enabled": true,
                        "randomResponse": false,
                        "sequentialResponse": false
                    },
                    {
                        "uuid": "",
                        "documentation": "Can Mockoon forward or record entering requests?",
                        "method": "get",
                        "endpoint": "forward-and-record",
                        "responses": [
                            {
                                "uuid": "",
                                "body": "Mockoon can also act as a proxy and forward all entering requests that are not caught by declared routes. \nYou can activate this option in the environment settings ('cog' icon in the upper right corner). \nTo learn more: https://mockoon.com/docs/latest/proxy-mode\n\nAs always, all entering requests, and responses from the proxied server will be recorded ('clock' icon in the upper right corner).\nTo learn more: https://mockoon.com/docs/latest/requests-logging",
                                "latency": 0,
                                "statusCode": 200,
                                "label": "",
                                "headers": [
                                    {
                                        "key": "Content-Type",
                                        "value": "text/plain"
                                    }
                                ],
                                "filePath": "",
                                "sendFileAsBody": false,
                                "rules": [],
                                "rulesOperator": "OR",
                                "disableTemplating": false
                            }
                        ],
                        "enabled": true,
                        "randomResponse": false,
                        "sequentialResponse": false
                    }
                ],
                "proxyMode": false,
                "proxyHost": "",
                "proxyRemovePrefix": false,
                "https": false,
                "cors": true,
                "headers": [
                    {
                        "key": "Content-Type",
                        "value": "application/json"
                    }
                ],
                "proxyReqHeaders": [
                    {
                        "key": "",
                        "value": ""
                    }
                ],
                "proxyResHeaders": [
                    {
                        "key": "",
                        "value": ""
                    }
                ]
            }
        },
        {
            "type": "environment",
            "item": {
                "uuid": "",
                "lastMigration": 15,
                "name": "Sample API",
                "endpointPrefix": "",
                "latency": 0,
                "port": 3001,
                "routes": [
                    {
                        "uuid": "",
                        "documentation": "Add new sample",
                        "method": "post",
                        "endpoint": "samples",
                        "responses": [
                            {
                                "uuid": "",
                                "body": "{\n  \"id\": \"{{ faker 'random.number' min=10000 max=100000 }}\",\n  \"name\": \"{{ body 'name' }}\"\n}",
                                "latency": 0,
                                "statusCode": 200,
                                "label": "",
                                "headers": [
                                    {
                                        "key": "",
                                        "value": ""
                                    }
                                ],
                                "filePath": "",
                                "sendFileAsBody": false,
                                "rules": [],
                                "rulesOperator": "OR",
                                "disableTemplating": false
                            },
                            {
                                "uuid": "",
                                "body": "{}",
                                "latency": 0,
                                "statusCode": 200,
                                "label": "",
                                "headers": [],
                                "filePath": "",
                                "sendFileAsBody": false,
                                "rules": [],
                                "rulesOperator": "OR",
                                "disableTemplating": false
                            },
                            {
                                "uuid": "",
                                "body": "{}",
                                "latency": 0,
                                "statusCode": 200,
                                "label": "",
                                "headers": [],
                                "filePath": "",
                                "sendFileAsBody": false,
                                "rules": [],
                                "rulesOperator": "OR",
                                "disableTemplating": false
                            }
                        ],
                        "enabled": true,
                        "randomResponse": false,
                        "sequentialResponse": false
                    },
                    {
                        "uuid": "",
                        "documentation": "Get sample",
                        "method": "get",
                        "endpoint": "samples",
                        "responses": [
                            {
                                "uuid": "",
                                "body": "[\n    {{# repeat (queryParam 'total' '10') }}\n      {\n        \"id\": \"{{ faker 'random.number' min=10000 max=100000 }}\",\n        \"name\": \"{{ faker 'name.firstName' }}\"\n      }\n    {{/ repeat }}\n]",
                                "latency": 0,
                                "statusCode": 200,
                                "label": "",
                                "headers": [],
                                "filePath": "",
                                "sendFileAsBody": false,
                                "rules": [],
                                "rulesOperator": "OR",
                                "disableTemplating": false
                            },
                            {
                                "uuid": "",
                                "body": "{\n  \"name\": \"{{ faker 'name.firstName' }}\",\n  \"id\": \"{{ queryParam 'id' }}\"\n}",
                                "latency": 0,
                                "statusCode": 200,
                                "label": "",
                                "headers": [],
                                "filePath": "",
                                "sendFileAsBody": false,
                                "rules": [
                                    {
                                        "target": "query",
                                        "modifier": "id",
                                        "value": "",
                                        "isRegex": true
                                    }
                                ],
                                "rulesOperator": "OR",
                                "disableTemplating": false
                            },
                            {
                                "uuid": "",
                                "body": "{}",
                                "latency": 0,
                                "statusCode": 200,
                                "label": "",
                                "headers": [],
                                "filePath": "",
                                "sendFileAsBody": false,
                                "rules": [],
                                "rulesOperator": "OR",
                                "disableTemplating": false
                            },
                            {
                                "uuid": "",
                                "body": "{}",
                                "latency": 0,
                                "statusCode": 200,
                                "label": "",
                                "headers": [],
                                "filePath": "",
                                "sendFileAsBody": false,
                                "rules": [],
                                "rulesOperator": "OR",
                                "disableTemplating": false
                            }
                        ],
                        "enabled": true,
                        "randomResponse": false,
                        "sequentialResponse": false
                    },
                    {
                        "uuid": "",
                        "documentation": "Remove sample",
                        "method": "delete",
                        "endpoint": "samples",
                        "responses": [
                            {
                                "uuid": "",
                                "body": "{\n  \"error\": \"Data not found.\"\n}",
                                "latency": 0,
                                "statusCode": 404,
                                "label": "",
                                "headers": [],
                                "filePath": "",
                                "sendFileAsBody": false,
                                "rules": [
                                    {
                                        "target": "query",
                                        "modifier": "id",
                                        "value": "",
                                        "isRegex": true
                                    }
                                ],
                                "rulesOperator": "OR",
                                "disableTemplating": false
                            },
                            {
                                "uuid": "",
                                "body": "{\n  \"name\": \"{{ faker 'name.firstName' }}\",\n  \"id\": \"{{ queryParam 'id' }}\"\n}",
                                "latency": 0,
                                "statusCode": 200,
                                "label": "",
                                "headers": [],
                                "filePath": "",
                                "sendFileAsBody": false,
                                "rules": [
                                    {
                                        "target": "query",
                                        "modifier": "id",
                                        "value": "",
                                        "isRegex": false
                                    }
                                ],
                                "rulesOperator": "OR",
                                "disableTemplating": false
                            }
                        ],
                        "enabled": true,
                        "randomResponse": false,
                        "sequentialResponse": false
                    },
                    {
                        "uuid": "",
                        "documentation": "Edit sample",
                        "method": "put",
                        "endpoint": "samples",
                        "responses": [
                            {
                                "uuid": "",
                                "body": "{{ body }}",
                                "latency": 0,
                                "statusCode": 200,
                                "label": "",
                                "headers": [],
                                "filePath": "",
                                "sendFileAsBody": false,
                                "rules": [],
                                "rulesOperator": "OR",
                                "disableTemplating": false
                            }
                        ],
                        "enabled": true,
                        "randomResponse": false,
                        "sequentialResponse": false
                    }
                ],
                "proxyMode": false,
                "proxyHost": "",
                "proxyRemovePrefix": false,
                "https": false,
                "cors": true,
                "headers": [
                    {
                        "key": "Content-Type",
                        "value": "application/json"
                    },
                    {
                        "key": "Access-Control-Allow-Methods",
                        "value": "GET,POST,PUT,PATCH,DELETE,HEAD,OPTIONS"
                    },
                    {
                        "key": "Access-Control-Allow-Headers",
                        "value": "Content-Type, Origin, Accept, Authorization, Content-Length, X-Requested-With"
                    },
                    {
                        "key": "Access-Control-Allow-Origin",
                        "value": "*"
                    }
                ],
                "proxyReqHeaders": [
                    {
                        "key": "",
                        "value": ""
                    }
                ],
                "proxyResHeaders": [
                    {
                        "key": "",
                        "value": ""
                    }
                ]
            }
        }
    ]
}