{
	"info": {
		"_postman_id": "fb99d8ca-0c7d-47a6-bc0b-522ff16f1aae",
		"name": "Liferay",
		"schema": "https://schema.getpostman.com/json/collection/v2.1.0/collection.json"
	},
	"item": [
		{
			"name": "Sample GET Method",
			"request": {
				"auth": {
					"type": "basic",
					"basic": [
						{
							"key": "password",
							"value": "test",
							"type": "string"
						},
						{
							"key": "username",
							"value": "lw04post@liferay.com",
							"type": "string"
						}
					]
				},
				"method": "GET",
				"header": [],
				"url": {
					"raw": "http://localhost:8080/o/sample-module/samples",
					"protocol": "http",
					"host": [
						"localhost"
					],
					"port": "8080",
					"path": [
						"o",
						"sample-module",
						"samples"
					]
				}
			},
			"response": []
		},
		{
			"name": "Sample POST Method",
			"request": {
				"auth": {
					"type": "basic",
					"basic": [
						{
							"key": "password",
							"value": "test",
							"type": "string"
						},
						{
							"key": "username",
							"value": "lw04post@liferay.com",
							"type": "string"
						}
					]
				},
				"method": "POST",
				"header": [
					{
						"key": "id",
						"value": "",
						"type": "text"
					},
					{
						"key": "name",
						"value": "",
						"type": "text"
					}
				],
				"body": {
					"mode": "raw",
					"raw": "{\n    \"id\": \"4\",\n    \"name\": \"external data 4\"\n}",
					"options": {
						"raw": {
							"language": "json"
						}
					}
				},
				"url": {
					"raw": "http://localhost:8080/o/sample-module/samples",
					"protocol": "http",
					"host": [
						"localhost"
					],
					"port": "8080",
					"path": [
						"o",
						"sample-module",
						"samples"
					]
				}
			},
			"response": []
		},
		{
			"name": "Sample PUT Method",
			"request": {
				"auth": {
					"type": "basic",
					"basic": [
						{
							"key": "password",
							"value": "test",
							"type": "string"
						},
						{
							"key": "username",
							"value": "lw04post@liferay.com",
							"type": "string"
						}
					]
				},
				"method": "PUT",
				"header": [],
				"body": {
					"mode": "raw",
					"raw": "{\n    \"id\": \"2\",\n    \"name\": \"external data 2 (updated)\"\n}",
					"options": {
						"raw": {
							"language": "json"
						}
					}
				},
				"url": {
					"raw": "http://localhost:8080/o/sample-module/samples",
					"protocol": "http",
					"host": [
						"localhost"
					],
					"port": "8080",
					"path": [
						"o",
						"sample-module",
						"samples"
					]
				}
			},
			"response": []
		},
		{
			"name": "Sample DELETE Mehod",
			"request": {
				"auth": {
					"type": "basic",
					"basic": [
						{
							"key": "password",
							"value": "test",
							"type": "string"
						},
						{
							"key": "username",
							"value": "lw04post@liferay.com",
							"type": "string"
						}
					]
				},
				"method": "DELETE",
				"header": [],
				"body": {
					"mode": "raw",
					"raw": "{\n    \"id\": \"4\",\n    \"name\": \"external data 4\"\n}",
					"options": {
						"raw": {
							"language": "json"
						}
					}
				},
				"url": {
					"raw": "http://localhost:8080/o/sample-module/samples",
					"protocol": "http",
					"host": [
						"localhost"
					],
					"port": "8080",
					"path": [
						"o",
						"sample-module",
						"samples"
					]
				}
			},
			"response": []
		}
	],
	"event": [
		{
			"listen": "prerequest",
			"script": {
				"type": "text/javascript",
				"exec": [
					"pm.sendRequest(\"https://postman-echo.com/get\", function (err, response) {",
					"    console.log(response.json());",
					"});"
				]
			}
		},
		{
			"listen": "test",
			"script": {
				"type": "text/javascript",
				"exec": [
					""
				]
			}
		}
	]
}